--
-- PostgreSQL database dump
--

-- Dumped from database version 11.6
-- Dumped by pg_dump version 11.6

SET statement_timeout = 0;
SET lock_timeout = 0;
SET idle_in_transaction_session_timeout = 0;
SET client_encoding = 'UTF8';
SET standard_conforming_strings = on;
SELECT pg_catalog.set_config('search_path', '', false);
SET check_function_bodies = false;
SET xmloption = content;
SET client_min_messages = warning;
SET row_security = off;

SET default_tablespace = '';

SET default_with_oids = false;

--
-- Name: AspNetRoleClaims; Type: TABLE; Schema: public; Owner: netclock
--

CREATE TABLE public."AspNetRoleClaims" (
    "Id" integer NOT NULL,
    "RoleId" text NOT NULL,
    "ClaimType" text,
    "ClaimValue" text
);


ALTER TABLE public."AspNetRoleClaims" OWNER TO netclock;

--
-- Name: AspNetRoleClaims_Id_seq; Type: SEQUENCE; Schema: public; Owner: netclock
--

ALTER TABLE public."AspNetRoleClaims" ALTER COLUMN "Id" ADD GENERATED BY DEFAULT AS IDENTITY (
    SEQUENCE NAME public."AspNetRoleClaims_Id_seq"
    START WITH 1
    INCREMENT BY 1
    NO MINVALUE
    NO MAXVALUE
    CACHE 1
);


--
-- Name: AspNetRoles; Type: TABLE; Schema: public; Owner: netclock
--

CREATE TABLE public."AspNetRoles" (
    "Id" text NOT NULL,
    "Name" character varying(256),
    "NormalizedName" character varying(256),
    "ConcurrencyStamp" text
);


ALTER TABLE public."AspNetRoles" OWNER TO netclock;

--
-- Name: AspNetUserClaims; Type: TABLE; Schema: public; Owner: netclock
--

CREATE TABLE public."AspNetUserClaims" (
    "Id" integer NOT NULL,
    "UserId" text NOT NULL,
    "ClaimType" text,
    "ClaimValue" text
);


ALTER TABLE public."AspNetUserClaims" OWNER TO netclock;

--
-- Name: AspNetUserClaims_Id_seq; Type: SEQUENCE; Schema: public; Owner: netclock
--

ALTER TABLE public."AspNetUserClaims" ALTER COLUMN "Id" ADD GENERATED BY DEFAULT AS IDENTITY (
    SEQUENCE NAME public."AspNetUserClaims_Id_seq"
    START WITH 1
    INCREMENT BY 1
    NO MINVALUE
    NO MAXVALUE
    CACHE 1
);


--
-- Name: AspNetUserLogins; Type: TABLE; Schema: public; Owner: netclock
--

CREATE TABLE public."AspNetUserLogins" (
    "LoginProvider" character varying(128) NOT NULL,
    "ProviderKey" character varying(128) NOT NULL,
    "ProviderDisplayName" text,
    "UserId" text NOT NULL
);


ALTER TABLE public."AspNetUserLogins" OWNER TO netclock;

--
-- Name: AspNetUserRoles; Type: TABLE; Schema: public; Owner: netclock
--

CREATE TABLE public."AspNetUserRoles" (
    "UserId" text NOT NULL,
    "RoleId" text NOT NULL
);


ALTER TABLE public."AspNetUserRoles" OWNER TO netclock;

--
-- Name: AspNetUserTokens; Type: TABLE; Schema: public; Owner: netclock
--

CREATE TABLE public."AspNetUserTokens" (
    "UserId" text NOT NULL,
    "LoginProvider" character varying(128) NOT NULL,
    "Name" character varying(128) NOT NULL,
    "Value" text
);


ALTER TABLE public."AspNetUserTokens" OWNER TO netclock;

--
-- Name: AspNetUsers; Type: TABLE; Schema: public; Owner: netclock
--

CREATE TABLE public."AspNetUsers" (
    "Id" text NOT NULL,
    "UserName" character varying(256),
    "NormalizedUserName" character varying(256),
    "Email" character varying(256),
    "NormalizedEmail" character varying(256),
    "EmailConfirmed" boolean NOT NULL,
    "PasswordHash" text,
    "SecurityStamp" text,
    "ConcurrencyStamp" text,
    "PhoneNumber" text,
    "PhoneNumberConfirmed" boolean NOT NULL,
    "TwoFactorEnabled" boolean NOT NULL,
    "LockoutEnd" timestamp with time zone,
    "LockoutEnabled" boolean NOT NULL,
    "AccessFailedCount" integer NOT NULL,
    "Slug" character varying(256) NOT NULL,
    "FirstName" character varying(50) NOT NULL,
    "LastName" character varying(50) NOT NULL,
    "Active" boolean NOT NULL,
    "Created" timestamp without time zone NOT NULL,
    "LastModified" timestamp without time zone NOT NULL
);


ALTER TABLE public."AspNetUsers" OWNER TO netclock;

--
-- Name: DeviceCodes; Type: TABLE; Schema: public; Owner: netclock
--

CREATE TABLE public."DeviceCodes" (
    "UserCode" character varying(200) NOT NULL,
    "DeviceCode" character varying(200) NOT NULL,
    "SubjectId" character varying(200),
    "ClientId" character varying(200) NOT NULL,
    "CreationTime" timestamp without time zone NOT NULL,
    "Expiration" timestamp without time zone NOT NULL,
    "Data" character varying(50000) NOT NULL
);


ALTER TABLE public."DeviceCodes" OWNER TO netclock;

--
-- Name: PersistedGrants; Type: TABLE; Schema: public; Owner: netclock
--

CREATE TABLE public."PersistedGrants" (
    "Key" character varying(200) NOT NULL,
    "Type" character varying(50) NOT NULL,
    "SubjectId" character varying(200),
    "ClientId" character varying(200) NOT NULL,
    "CreationTime" timestamp without time zone NOT NULL,
    "Expiration" timestamp without time zone,
    "Data" character varying(50000) NOT NULL
);


ALTER TABLE public."PersistedGrants" OWNER TO netclock;

--
-- Name: Schedules; Type: TABLE; Schema: public; Owner: netclock
--

CREATE TABLE public."Schedules" (
    "Id" bigint NOT NULL,
    "CreatedBy" text,
    "Created" timestamp without time zone NOT NULL,
    "LastModifiedBy" text,
    "LastModified" timestamp without time zone,
    "TimeStart" timestamp without time zone NOT NULL,
    "TimeFinish" timestamp without time zone NOT NULL,
    "TimeTotal" interval NOT NULL,
    "Observations" text
);


ALTER TABLE public."Schedules" OWNER TO netclock;

--
-- Name: Schedules_Id_seq; Type: SEQUENCE; Schema: public; Owner: netclock
--

ALTER TABLE public."Schedules" ALTER COLUMN "Id" ADD GENERATED BY DEFAULT AS IDENTITY (
    SEQUENCE NAME public."Schedules_Id_seq"
    START WITH 1
    INCREMENT BY 1
    NO MINVALUE
    NO MAXVALUE
    CACHE 1
);


--
-- Name: __EFMigrationsHistory; Type: TABLE; Schema: public; Owner: netclock
--

CREATE TABLE public."__EFMigrationsHistory" (
    "MigrationId" character varying(150) NOT NULL,
    "ProductVersion" character varying(32) NOT NULL
);


ALTER TABLE public."__EFMigrationsHistory" OWNER TO netclock;

--
-- Data for Name: AspNetRoleClaims; Type: TABLE DATA; Schema: public; Owner: netclock
--

COPY public."AspNetRoleClaims" ("Id", "RoleId", "ClaimType", "ClaimValue") FROM stdin;
\.


--
-- Data for Name: AspNetRoles; Type: TABLE DATA; Schema: public; Owner: netclock
--

COPY public."AspNetRoles" ("Id", "Name", "NormalizedName", "ConcurrencyStamp") FROM stdin;
0bddc623-84b2-4e2f-b0a7-c9d96009fd06	Superuser	SUPERUSER	651d9e26-cc8d-4676-bec8-4ea458669b05
38df1ee6-c224-4c26-91fa-428a69b3aae4	Admin	ADMIN	7b6bf068-97d8-406c-b649-a079aea39b83
f62119e8-5ebe-4c8e-a321-bfa90f8740d6	Staff	STAFF	52f73b4c-9f37-4578-a4e2-be7356c53cc2
b3cca1a0-cf7b-4a8e-b67e-6d7d4aa9b31d	Employee	EMPLOYEE	769847b1-9e24-44ed-b55e-b82a5078c067
\.


--
-- Data for Name: AspNetUserClaims; Type: TABLE DATA; Schema: public; Owner: netclock
--

COPY public."AspNetUserClaims" ("Id", "UserId", "ClaimType", "ClaimValue") FROM stdin;
\.


--
-- Data for Name: AspNetUserLogins; Type: TABLE DATA; Schema: public; Owner: netclock
--

COPY public."AspNetUserLogins" ("LoginProvider", "ProviderKey", "ProviderDisplayName", "UserId") FROM stdin;
\.


--
-- Data for Name: AspNetUserRoles; Type: TABLE DATA; Schema: public; Owner: netclock
--

COPY public."AspNetUserRoles" ("UserId", "RoleId") FROM stdin;
cb89981e-f54f-4d1f-880d-ccbe3d2b1158	b3cca1a0-cf7b-4a8e-b67e-6d7d4aa9b31d
cb89981e-f54f-4d1f-880d-ccbe3d2b1158	0bddc623-84b2-4e2f-b0a7-c9d96009fd06
cb89981e-f54f-4d1f-880d-ccbe3d2b1158	38df1ee6-c224-4c26-91fa-428a69b3aae4
cb89981e-f54f-4d1f-880d-ccbe3d2b1158	f62119e8-5ebe-4c8e-a321-bfa90f8740d6
854950eb-d834-455b-8f81-50f7d2b06380	b3cca1a0-cf7b-4a8e-b67e-6d7d4aa9b31d
cb7315ea-c2c4-4cbc-9c7d-1f745fd7813d	b3cca1a0-cf7b-4a8e-b67e-6d7d4aa9b31d
9c6d6d9f-adad-4279-9460-244ba182bdbb	b3cca1a0-cf7b-4a8e-b67e-6d7d4aa9b31d
61599082-ad0e-40c4-b9a4-631b266758a8	b3cca1a0-cf7b-4a8e-b67e-6d7d4aa9b31d
5e1da5d6-8fe1-40f0-ade3-14dedc6e9c91	b3cca1a0-cf7b-4a8e-b67e-6d7d4aa9b31d
ad1e2b80-08ce-4c67-9713-644510f0a8eb	b3cca1a0-cf7b-4a8e-b67e-6d7d4aa9b31d
cb0f4497-d10a-47f4-8a14-29f113eee09d	b3cca1a0-cf7b-4a8e-b67e-6d7d4aa9b31d
fdcaa3e3-ed4a-4e4b-abe1-17104e7addbe	b3cca1a0-cf7b-4a8e-b67e-6d7d4aa9b31d
2176eee3-2912-4cac-91cc-4cf6eada585c	b3cca1a0-cf7b-4a8e-b67e-6d7d4aa9b31d
07e20cf9-9c5b-40ee-b988-7c65a228754f	b3cca1a0-cf7b-4a8e-b67e-6d7d4aa9b31d
\.


--
-- Data for Name: AspNetUserTokens; Type: TABLE DATA; Schema: public; Owner: netclock
--

COPY public."AspNetUserTokens" ("UserId", "LoginProvider", "Name", "Value") FROM stdin;
\.


--
-- Data for Name: AspNetUsers; Type: TABLE DATA; Schema: public; Owner: netclock
--

COPY public."AspNetUsers" ("Id", "UserName", "NormalizedUserName", "Email", "NormalizedEmail", "EmailConfirmed", "PasswordHash", "SecurityStamp", "ConcurrencyStamp", "PhoneNumber", "PhoneNumberConfirmed", "TwoFactorEnabled", "LockoutEnd", "LockoutEnabled", "AccessFailedCount", "Slug", "FirstName", "LastName", "Active", "Created", "LastModified") FROM stdin;
07e20cf9-9c5b-40ee-b988-7c65a228754f	Lorena	LORENA	lorena@example.com	LORENA@EXAMPLE.COM	t	AQAAAAEAACcQAAAAEL4zMY/W5fPJ8Xs3yiODsPdk7btP1PicOUSTNSjxGYZQ1jQPnQbX/QwVZ6EXzeKnGA==	DPYCQVURTFTDW2G4JKMJIMCXXIAK5B2V	7bea8643-3054-4a95-991a-54f97c849093	\N	f	f	\N	t	0	lorena	Lorena	Lorena	t	2020-02-17 22:21:43	2020-02-16 22:21:43.495614
cb89981e-f54f-4d1f-880d-ccbe3d2b1158	Admin	ADMIN	admin@example.com	ADMIN@EXAMPLE.COM	t	AQAAAAEAACcQAAAAEAk9eUMcewjdSEVvykcZN3XoR0Rzxl7CCpsTZzvVE6pyVYAZEZtlAzOTciztnSeGjQ==	ASY63RIBANHYAXUEHD5LCGSSB5LUVNPE	c2ce2cab-5b30-44f6-a5ed-d0b86e48e0f7	\N	f	f	\N	t	0	admin	Admin	Admin	t	2020-02-16 22:21:43.139048	2020-02-16 22:21:43.139108
854950eb-d834-455b-8f81-50f7d2b06380	Alice	ALICE	alice@example.com	ALICE@EXAMPLE.COM	t	AQAAAAEAACcQAAAAEBeeYEpw0eSJOD5UHoeXmxdgCPp3c6lq3KoAjDisWoqUo+jQuqMLDMKYKU4ut2pSVQ==	53NEBAKCTYHYSQNQ24VAHQVRZS66PAHG	79f8bd08-61d7-426b-bcbf-2b9109f4012a	\N	f	f	\N	t	0	alice	Alice	Alice	t	2020-02-16 22:21:43.29564	2020-02-16 22:21:43.295643
cb7315ea-c2c4-4cbc-9c7d-1f745fd7813d	Bob	BOB	bob@example.com	BOB@EXAMPLE.COM	t	AQAAAAEAACcQAAAAEDXLMsuMCzIuTBRkQDgzyLcv3SViQB7+T8cFfxblqBGZ4HU9+k1wunb12ot4vWIW0A==	RVTD5BJXVKGVCCX4N32I3UBJSSJ2VNNQ	04cfdab2-c1ef-4b39-9d93-33777e066698	\N	f	f	\N	t	0	bob	Bob	Bob	t	2020-02-16 22:21:43.317494	2020-02-16 22:21:43.317495
9c6d6d9f-adad-4279-9460-244ba182bdbb	Joe	JOE	joe@example.com	JOE@EXAMPLE.COM	t	AQAAAAEAACcQAAAAEIHITAuq6qtJZX3kUi+aNmWRnnFIi9ef5m1z9/d+u7lYJROJDR99DwiYLbhPC7pi5w==	PRDJ2AY6L7JILNY4SU5P4JPIMVAB7POQ	e5ba90fa-3513-45df-9206-1167a15ec3ca	\N	f	f	\N	t	0	joe	Joe	Joe	t	2020-02-16 22:21:43.334995	2020-02-16 22:21:43.334997
61599082-ad0e-40c4-b9a4-631b266758a8	Maria	MARIA	maria@example.com	MARIA@EXAMPLE.COM	t	AQAAAAEAACcQAAAAEONOy3gUeDyGeuZx/CNailtG+Jvj5qip7+nzv4xN80OIkYq/n5t6ptlyCNJEV7zrsw==	ASDYLECX65GDCRCXFTWIQYAJOIQALHNR	47e4af9b-fabb-4ebd-84ba-bc8d5318d8b5	\N	f	f	\N	t	0	maria	Maria	Maria	t	2020-02-16 22:21:43.351658	2020-02-16 22:21:43.351659
5e1da5d6-8fe1-40f0-ade3-14dedc6e9c91	Jordi	JORDI	jordi@example.com	JORDI@EXAMPLE.COM	t	AQAAAAEAACcQAAAAEB3ef7oYjMtImT299ChRTLGQZOomIqjupQYkDclGBfK2tY4GlYTEL/Tem5DPA1KUdg==	XZM5CONFJO7SLM2D5QK4H5EYQZTUBTRH	83c5f601-eed7-40ec-bf0e-24b829eba35f	\N	f	f	\N	t	0	jordi	Jordi	Jordi	t	2020-02-16 22:21:43.371033	2020-02-16 22:21:43.371034
ad1e2b80-08ce-4c67-9713-644510f0a8eb	Sonia	SONIA	sonia@example.com	SONIA@EXAMPLE.COM	t	AQAAAAEAACcQAAAAEL/Ni5+0y4u29s2w9DHiuyGGqzDmCFZvDkcEEBb2bAIVQBNTatxH9TkHTWK3TVGwRw==	SE3KXABWPBYMSFJXHUNGDGX3W4E2HWLF	115fe8d5-ceba-4a33-86d5-059452d013c6	\N	f	f	\N	t	0	sonia	Sonia	Sonia	t	2020-02-16 22:21:43.390094	2020-02-16 22:21:43.390095
cb0f4497-d10a-47f4-8a14-29f113eee09d	Sara	SARA	sara@example.com	SARA@EXAMPLE.COM	t	AQAAAAEAACcQAAAAEPF3VmrgrrHwVbkVuZ7rZMuBBn6ta499JlDeiJbxefOCnZTOCXFADdPRvlcRDnGCOA==	FWKSR2ZZP6FYF572IRMHAAPYIEVGYQLP	daf2728e-5cce-4745-af77-c881ec4e1c53	\N	f	f	\N	t	0	sara	Sara	Sara	t	2020-02-16 22:21:43.411785	2020-02-16 22:21:43.411786
fdcaa3e3-ed4a-4e4b-abe1-17104e7addbe	Perico	PERICO	perico@example.com	PERICO@EXAMPLE.COM	t	AQAAAAEAACcQAAAAEGIJTb0FV6HXI5egrF4stpisotBRbD5dbGY8srk5HzGzWWXnT5Ej+wflqAjU5rCMzQ==	VMZIZYCINO6ZJ6O3WSKJ4GIVI64ZGZFS	a277f8f8-fe23-437e-bce3-96bf8859b39d	\N	f	f	\N	t	0	perico	Perico	Perico	t	2020-02-16 22:21:43.429902	2020-02-16 22:21:43.429904
2176eee3-2912-4cac-91cc-4cf6eada585c	Palote	PALOTE	palote@example.com	PALOTE@EXAMPLE.COM	t	AQAAAAEAACcQAAAAEBbfS75xFouvGFm9lRp8FRjwbAx5Km5MTP4xt75WuNDxcshjSig20PV7/TFDYjXyrQ==	V75RCKZKMLWTLHQRTZDZICT7QW6FNWGM	d8aeec15-7b57-490a-818e-f92f9167b0cc	\N	f	f	\N	t	0	palote	Palote	Palote	t	2020-02-16 22:21:43.474785	2020-02-16 22:21:43.474787
\.


--
-- Data for Name: DeviceCodes; Type: TABLE DATA; Schema: public; Owner: netclock
--

COPY public."DeviceCodes" ("UserCode", "DeviceCode", "SubjectId", "ClientId", "CreationTime", "Expiration", "Data") FROM stdin;
\.


--
-- Data for Name: PersistedGrants; Type: TABLE DATA; Schema: public; Owner: netclock
--

COPY public."PersistedGrants" ("Key", "Type", "SubjectId", "ClientId", "CreationTime", "Expiration", "Data") FROM stdin;
\.


--
-- Data for Name: Schedules; Type: TABLE DATA; Schema: public; Owner: netclock
--

COPY public."Schedules" ("Id", "CreatedBy", "Created", "LastModifiedBy", "LastModified", "TimeStart", "TimeFinish", "TimeTotal", "Observations") FROM stdin;
\.


--
-- Data for Name: __EFMigrationsHistory; Type: TABLE DATA; Schema: public; Owner: netclock
--

COPY public."__EFMigrationsHistory" ("MigrationId", "ProductVersion") FROM stdin;
20200216212112_init	3.1.1
\.


--
-- Name: AspNetRoleClaims_Id_seq; Type: SEQUENCE SET; Schema: public; Owner: netclock
--

SELECT pg_catalog.setval('public."AspNetRoleClaims_Id_seq"', 1, false);


--
-- Name: AspNetUserClaims_Id_seq; Type: SEQUENCE SET; Schema: public; Owner: netclock
--

SELECT pg_catalog.setval('public."AspNetUserClaims_Id_seq"', 1, false);


--
-- Name: Schedules_Id_seq; Type: SEQUENCE SET; Schema: public; Owner: netclock
--

SELECT pg_catalog.setval('public."Schedules_Id_seq"', 1, false);


--
-- Name: AspNetRoleClaims PK_AspNetRoleClaims; Type: CONSTRAINT; Schema: public; Owner: netclock
--

ALTER TABLE ONLY public."AspNetRoleClaims"
    ADD CONSTRAINT "PK_AspNetRoleClaims" PRIMARY KEY ("Id");


--
-- Name: AspNetRoles PK_AspNetRoles; Type: CONSTRAINT; Schema: public; Owner: netclock
--

ALTER TABLE ONLY public."AspNetRoles"
    ADD CONSTRAINT "PK_AspNetRoles" PRIMARY KEY ("Id");


--
-- Name: AspNetUserClaims PK_AspNetUserClaims; Type: CONSTRAINT; Schema: public; Owner: netclock
--

ALTER TABLE ONLY public."AspNetUserClaims"
    ADD CONSTRAINT "PK_AspNetUserClaims" PRIMARY KEY ("Id");


--
-- Name: AspNetUserLogins PK_AspNetUserLogins; Type: CONSTRAINT; Schema: public; Owner: netclock
--

ALTER TABLE ONLY public."AspNetUserLogins"
    ADD CONSTRAINT "PK_AspNetUserLogins" PRIMARY KEY ("LoginProvider", "ProviderKey");


--
-- Name: AspNetUserRoles PK_AspNetUserRoles; Type: CONSTRAINT; Schema: public; Owner: netclock
--

ALTER TABLE ONLY public."AspNetUserRoles"
    ADD CONSTRAINT "PK_AspNetUserRoles" PRIMARY KEY ("UserId", "RoleId");


--
-- Name: AspNetUserTokens PK_AspNetUserTokens; Type: CONSTRAINT; Schema: public; Owner: netclock
--

ALTER TABLE ONLY public."AspNetUserTokens"
    ADD CONSTRAINT "PK_AspNetUserTokens" PRIMARY KEY ("UserId", "LoginProvider", "Name");


--
-- Name: AspNetUsers PK_AspNetUsers; Type: CONSTRAINT; Schema: public; Owner: netclock
--

ALTER TABLE ONLY public."AspNetUsers"
    ADD CONSTRAINT "PK_AspNetUsers" PRIMARY KEY ("Id");


--
-- Name: DeviceCodes PK_DeviceCodes; Type: CONSTRAINT; Schema: public; Owner: netclock
--

ALTER TABLE ONLY public."DeviceCodes"
    ADD CONSTRAINT "PK_DeviceCodes" PRIMARY KEY ("UserCode");


--
-- Name: PersistedGrants PK_PersistedGrants; Type: CONSTRAINT; Schema: public; Owner: netclock
--

ALTER TABLE ONLY public."PersistedGrants"
    ADD CONSTRAINT "PK_PersistedGrants" PRIMARY KEY ("Key");


--
-- Name: Schedules PK_Schedules; Type: CONSTRAINT; Schema: public; Owner: netclock
--

ALTER TABLE ONLY public."Schedules"
    ADD CONSTRAINT "PK_Schedules" PRIMARY KEY ("Id");


--
-- Name: __EFMigrationsHistory PK___EFMigrationsHistory; Type: CONSTRAINT; Schema: public; Owner: netclock
--

ALTER TABLE ONLY public."__EFMigrationsHistory"
    ADD CONSTRAINT "PK___EFMigrationsHistory" PRIMARY KEY ("MigrationId");


--
-- Name: EmailIndex; Type: INDEX; Schema: public; Owner: netclock
--

CREATE INDEX "EmailIndex" ON public."AspNetUsers" USING btree ("NormalizedEmail");


--
-- Name: IX_AspNetRoleClaims_RoleId; Type: INDEX; Schema: public; Owner: netclock
--

CREATE INDEX "IX_AspNetRoleClaims_RoleId" ON public."AspNetRoleClaims" USING btree ("RoleId");


--
-- Name: IX_AspNetUserClaims_UserId; Type: INDEX; Schema: public; Owner: netclock
--

CREATE INDEX "IX_AspNetUserClaims_UserId" ON public."AspNetUserClaims" USING btree ("UserId");


--
-- Name: IX_AspNetUserLogins_UserId; Type: INDEX; Schema: public; Owner: netclock
--

CREATE INDEX "IX_AspNetUserLogins_UserId" ON public."AspNetUserLogins" USING btree ("UserId");


--
-- Name: IX_AspNetUserRoles_RoleId; Type: INDEX; Schema: public; Owner: netclock
--

CREATE INDEX "IX_AspNetUserRoles_RoleId" ON public."AspNetUserRoles" USING btree ("RoleId");


--
-- Name: IX_AspNetUsers_FirstName_LastName; Type: INDEX; Schema: public; Owner: netclock
--

CREATE UNIQUE INDEX "IX_AspNetUsers_FirstName_LastName" ON public."AspNetUsers" USING btree ("FirstName", "LastName");


--
-- Name: IX_AspNetUsers_Slug; Type: INDEX; Schema: public; Owner: netclock
--

CREATE UNIQUE INDEX "IX_AspNetUsers_Slug" ON public."AspNetUsers" USING btree ("Slug");


--
-- Name: IX_DeviceCodes_DeviceCode; Type: INDEX; Schema: public; Owner: netclock
--

CREATE UNIQUE INDEX "IX_DeviceCodes_DeviceCode" ON public."DeviceCodes" USING btree ("DeviceCode");


--
-- Name: IX_DeviceCodes_Expiration; Type: INDEX; Schema: public; Owner: netclock
--

CREATE INDEX "IX_DeviceCodes_Expiration" ON public."DeviceCodes" USING btree ("Expiration");


--
-- Name: IX_PersistedGrants_Expiration; Type: INDEX; Schema: public; Owner: netclock
--

CREATE INDEX "IX_PersistedGrants_Expiration" ON public."PersistedGrants" USING btree ("Expiration");


--
-- Name: IX_PersistedGrants_SubjectId_ClientId_Type; Type: INDEX; Schema: public; Owner: netclock
--

CREATE INDEX "IX_PersistedGrants_SubjectId_ClientId_Type" ON public."PersistedGrants" USING btree ("SubjectId", "ClientId", "Type");


--
-- Name: RoleNameIndex; Type: INDEX; Schema: public; Owner: netclock
--

CREATE UNIQUE INDEX "RoleNameIndex" ON public."AspNetRoles" USING btree ("NormalizedName");


--
-- Name: UserNameIndex; Type: INDEX; Schema: public; Owner: netclock
--

CREATE UNIQUE INDEX "UserNameIndex" ON public."AspNetUsers" USING btree ("NormalizedUserName");


--
-- Name: AspNetRoleClaims FK_AspNetRoleClaims_AspNetRoles_RoleId; Type: FK CONSTRAINT; Schema: public; Owner: netclock
--

ALTER TABLE ONLY public."AspNetRoleClaims"
    ADD CONSTRAINT "FK_AspNetRoleClaims_AspNetRoles_RoleId" FOREIGN KEY ("RoleId") REFERENCES public."AspNetRoles"("Id") ON DELETE CASCADE;


--
-- Name: AspNetUserClaims FK_AspNetUserClaims_AspNetUsers_UserId; Type: FK CONSTRAINT; Schema: public; Owner: netclock
--

ALTER TABLE ONLY public."AspNetUserClaims"
    ADD CONSTRAINT "FK_AspNetUserClaims_AspNetUsers_UserId" FOREIGN KEY ("UserId") REFERENCES public."AspNetUsers"("Id") ON DELETE CASCADE;


--
-- Name: AspNetUserLogins FK_AspNetUserLogins_AspNetUsers_UserId; Type: FK CONSTRAINT; Schema: public; Owner: netclock
--

ALTER TABLE ONLY public."AspNetUserLogins"
    ADD CONSTRAINT "FK_AspNetUserLogins_AspNetUsers_UserId" FOREIGN KEY ("UserId") REFERENCES public."AspNetUsers"("Id") ON DELETE CASCADE;


--
-- Name: AspNetUserRoles FK_AspNetUserRoles_AspNetRoles_RoleId; Type: FK CONSTRAINT; Schema: public; Owner: netclock
--

ALTER TABLE ONLY public."AspNetUserRoles"
    ADD CONSTRAINT "FK_AspNetUserRoles_AspNetRoles_RoleId" FOREIGN KEY ("RoleId") REFERENCES public."AspNetRoles"("Id") ON DELETE CASCADE;


--
-- Name: AspNetUserRoles FK_AspNetUserRoles_AspNetUsers_UserId; Type: FK CONSTRAINT; Schema: public; Owner: netclock
--

ALTER TABLE ONLY public."AspNetUserRoles"
    ADD CONSTRAINT "FK_AspNetUserRoles_AspNetUsers_UserId" FOREIGN KEY ("UserId") REFERENCES public."AspNetUsers"("Id") ON DELETE CASCADE;


--
-- Name: AspNetUserTokens FK_AspNetUserTokens_AspNetUsers_UserId; Type: FK CONSTRAINT; Schema: public; Owner: netclock
--

ALTER TABLE ONLY public."AspNetUserTokens"
    ADD CONSTRAINT "FK_AspNetUserTokens_AspNetUsers_UserId" FOREIGN KEY ("UserId") REFERENCES public."AspNetUsers"("Id") ON DELETE CASCADE;


--
-- PostgreSQL database dump complete
--
